frame,hindlegR1_x,hindlegR1_y,hindlegR1_z,thorax1_x,thorax1_y,thorax1_z,head1_x,head1_y,head1_z,forelegR1_x,forelegR1_y,forelegR1_z,eyeR1_x,eyeR1_y,eyeR1_z,wingR1_x,wingR1_y,wingR1_z,hindlegL1_x,hindlegL1_y,hindlegL1_z,forelegL1_x,forelegL1_y,forelegL1_z,abdomen1_x,abdomen1_y,abdomen1_z,midlegR1_x,midlegR1_y,midlegR1_z,midlegL1_x,midlegL1_y,midlegL1_z,eyeL1_x,eyeL1_y,eyeL1_z,wingL1_x,wingL1_y,wingL1_z
103,698.6735636932499,743.7571475683965,0.0,0.0,0.0,0.0,641.4242670057932,771.0777563570175,0.0,670.3372460781288,788.3967638890243,0.0,633.8869917670743,766.8493216331658,0.0,659.904959443562,765.4557768369427,0.0,684.5660891945876,781.8739137949245,0.0,673.5004738783438,712.1640632709697,0.0,614.0252681606969,737.2706032767702,0.0,628.5886504750436,723.0876863028243,0.0,706.9562998011015,764.9332293607431,0.0,643.9712794651526,778.4326296452443,0.0,669.1687351574681,730.9028781781517,0.0
